City_ID,City,Lat,Lng,Max Temp,Humidity,Cloudiness,Wind Speed,Country,Date,Current Description
0,Ilulissat,69.2167,-51.1,46.42,87,75,8.05,GL,2022-09-27 16:44:14,light rain
1,Chuy,-33.6971,-53.4616,66.99,58,56,15.21,UY,2022-09-27 16:48:05,broken clouds
2,Hami,42.8,93.45,72.57,19,58,3.36,CN,2022-09-27 16:48:05,broken clouds
3,Puerto Ayora,-0.7393,-90.3518,71.56,88,95,7.0,EC,2022-09-27 16:48:06,overcast clouds
4,Hermanus,-34.4187,19.2345,61.81,77,0,1.97,ZA,2022-09-27 16:48:07,clear sky
5,Labuhan,-6.8844,112.2051,78.48,72,9,6.38,ID,2022-09-27 16:48:07,clear sky
6,Kruisfontein,-34.0033,24.7314,63.88,94,100,16.4,ZA,2022-09-27 16:48:07,overcast clouds
7,Khandyga,62.6667,135.6,36.46,97,100,2.73,RU,2022-09-27 16:48:08,overcast clouds
8,Port Hedland,-20.3167,118.5667,62.65,82,35,8.05,AU,2022-09-27 16:48:09,scattered clouds
9,Punta Arenas,-53.15,-70.9167,51.91,54,75,35.68,CL,2022-09-27 16:48:10,broken clouds
10,Takoradi,4.8845,-1.7554,78.49,79,54,11.32,GH,2022-09-27 16:48:10,broken clouds
11,Prado,-17.3411,-39.2208,79.47,66,27,11.1,BR,2022-09-27 16:48:11,scattered clouds
12,Cody,44.5263,-109.0565,70.25,43,0,1.99,US,2022-09-27 16:48:11,clear sky
13,Taiyuan,37.8694,112.5603,64.26,55,0,0.0,CN,2022-09-27 16:48:12,clear sky
14,Carnarvon,-24.8667,113.6333,67.42,68,5,14.63,AU,2022-09-27 16:48:12,clear sky
15,Nabire,-3.3667,135.4833,75.29,91,100,2.68,ID,2022-09-27 16:48:13,light rain
16,San Patricio,28.017,-97.5169,86.16,28,13,13.24,US,2022-09-27 16:48:13,few clouds
17,Ostashkov,57.1467,33.1075,44.94,85,95,4.76,RU,2022-09-27 16:48:14,overcast clouds
18,Ribeira Grande,38.5167,-28.7,73.8,60,20,16.11,PT,2022-09-27 16:48:14,few clouds
19,Castro,-24.7911,-50.0119,65.61,85,100,3.91,BR,2022-09-27 16:48:15,moderate rain
20,Khatanga,71.9667,102.5,17.89,94,83,5.3,RU,2022-09-27 16:48:15,broken clouds
21,Chokurdakh,70.6333,147.9167,22.33,90,100,7.78,RU,2022-09-27 16:48:17,overcast clouds
22,Esso,55.9333,158.7,37.4,100,100,3.85,RU,2022-09-27 16:48:18,overcast clouds
23,Avera,33.194,-82.5271,76.55,28,5,4.76,US,2022-09-27 16:48:18,clear sky
24,Tiksi,71.6872,128.8694,31.96,92,100,20.58,RU,2022-09-27 16:48:19,light snow
25,Haines Junction,60.7522,-137.5108,37.35,81,95,2.3,CA,2022-09-27 16:48:20,overcast clouds
26,Esperance,-33.8667,121.9,52.09,82,3,13.71,AU,2022-09-27 16:48:21,clear sky
27,Henties Bay,-22.116,14.2845,57.85,74,75,12.5,NA,2022-09-27 16:48:21,broken clouds
28,Bethel,41.3712,-73.414,69.58,60,0,12.66,US,2022-09-27 16:48:22,clear sky
29,Hermanus,-34.4187,19.2345,61.81,77,0,1.97,ZA,2022-09-27 16:48:07,clear sky
30,Qaanaaq,77.484,-69.3632,33.13,99,100,4.38,GL,2022-09-27 16:48:23,light snow
31,Caohai,26.8661,104.2841,50.94,94,100,4.29,CN,2022-09-27 16:48:23,overcast clouds
32,Yulara,-25.2406,130.9889,57.18,76,41,9.4,AU,2022-09-27 16:48:24,scattered clouds
33,Encarnacion,-27.3333,-55.9,81.12,50,75,11.5,PY,2022-09-27 16:48:25,broken clouds
34,Okato,-39.2,173.8833,51.91,100,84,11.23,NZ,2022-09-27 16:48:25,broken clouds
35,Porto Novo,6.4965,2.6036,80.42,83,98,5.21,BJ,2022-09-27 16:48:25,overcast clouds
36,Victoria,22.2855,114.1577,85.32,78,43,11.01,HK,2022-09-27 16:45:14,scattered clouds
37,Albany,42.6001,-73.9662,64.24,70,67,6.91,US,2022-09-27 16:43:51,broken clouds
38,Rio Gallegos,-51.6226,-69.2181,53.2,52,86,38.01,AR,2022-09-27 16:48:27,overcast clouds
39,Payo,-3.7508,103.6372,74.64,84,100,1.95,ID,2022-09-27 16:48:28,overcast clouds
40,Letlhakane,-21.4167,25.5833,84.11,12,5,12.19,BW,2022-09-27 16:48:28,clear sky
41,Adre,13.4667,22.2,72.01,74,96,10.4,TD,2022-09-27 16:48:29,moderate rain
42,Rikitea,-23.1203,-134.9692,68.29,59,60,8.88,PF,2022-09-27 16:48:29,broken clouds
43,Norman Wells,65.282,-126.8329,39.24,87,75,12.66,CA,2022-09-27 16:48:30,broken clouds
44,Chokurdakh,70.6333,147.9167,22.33,90,100,7.78,RU,2022-09-27 16:48:17,overcast clouds
45,Busselton,-33.65,115.3333,50.29,88,0,9.31,AU,2022-09-27 16:49:30,clear sky
46,Talnakh,69.4865,88.3972,22.05,84,95,3.56,RU,2022-09-27 16:49:31,overcast clouds
47,Ulenje,-8.9333,33.6833,60.94,64,92,4.81,TZ,2022-09-27 16:49:31,overcast clouds
48,Ushuaia,-54.8,-68.3,51.42,87,100,33.38,AR,2022-09-27 16:49:32,light rain
49,Bakchar,57.0186,82.0711,26.46,78,84,4.43,RU,2022-09-27 16:49:33,broken clouds
50,Atuona,-9.8,-139.0333,76.84,71,26,21.3,PF,2022-09-27 16:49:33,scattered clouds
51,Kieta,-6.2167,155.6333,78.12,84,88,1.61,PG,2022-09-27 16:49:33,light rain
52,Hofn,64.2539,-15.2082,45.75,63,35,3.2,IS,2022-09-27 16:49:34,scattered clouds
53,Sioux Lookout,50.1001,-91.917,39.27,60,40,5.75,CA,2022-09-27 16:49:34,scattered clouds
54,Qaanaaq,77.484,-69.3632,33.13,99,100,4.38,GL,2022-09-27 16:48:23,light snow
55,Hilo,19.7297,-155.09,80.28,85,75,5.75,US,2022-09-27 16:49:35,broken clouds
56,Yellowknife,62.456,-114.3525,55.92,76,40,12.66,CA,2022-09-27 16:45:32,scattered clouds
57,Faanui,-16.4833,-151.75,77.43,77,25,14.18,PF,2022-09-27 16:49:36,light rain
58,Hervey Bay,-25.2986,152.8535,70.02,80,67,8.99,AU,2022-09-27 16:49:37,broken clouds
59,Humaita,-7.5061,-63.0208,103.35,24,71,4.14,BR,2022-09-27 16:45:49,broken clouds
60,Eureka,40.8021,-124.1637,56.93,95,79,4.56,US,2022-09-27 16:49:37,broken clouds
61,Homer,59.6425,-151.5483,37.78,93,0,3.44,US,2022-09-27 16:49:38,clear sky
62,Karasburg,-28.0167,18.75,74.41,13,52,8.48,NA,2022-09-27 16:49:39,broken clouds
63,Faanui,-16.4833,-151.75,77.43,77,25,14.18,PF,2022-09-27 16:49:36,light rain
64,Sitka,57.0531,-135.33,53.02,87,100,2.98,US,2022-09-27 16:49:40,overcast clouds
65,Bredasdorp,-34.5322,20.0403,56.34,83,1,6.17,ZA,2022-09-27 16:49:40,clear sky
66,Rikitea,-23.1203,-134.9692,68.29,59,60,8.88,PF,2022-09-27 16:48:29,broken clouds
67,Rikitea,-23.1203,-134.9692,68.29,59,60,8.88,PF,2022-09-27 16:48:29,broken clouds
68,Mataura,-46.1927,168.8643,49.48,99,100,2.44,NZ,2022-09-27 16:49:41,overcast clouds
69,Fortuna,40.5982,-124.1573,56.66,71,69,3.71,US,2022-09-27 16:49:41,broken clouds
70,Komsomolskiy,40.4272,71.7189,68.72,45,0,4.61,UZ,2022-09-27 16:49:42,clear sky
71,Kloulklubed,7.0419,134.2556,75.7,75,100,3.42,PW,2022-09-27 16:49:42,overcast clouds
72,Hilo,19.7297,-155.09,80.28,85,75,5.75,US,2022-09-27 16:49:35,broken clouds
73,Flinders,-34.5833,150.8552,58.17,90,100,4.0,AU,2022-09-27 16:49:43,heavy intensity rain
74,Bengkulu,-3.8004,102.2655,75.36,90,100,3.02,ID,2022-09-27 16:49:43,overcast clouds
75,Kapaa,22.0752,-159.319,73.72,83,40,9.8,US,2022-09-27 16:49:44,scattered clouds
76,Pisco,-13.7,-76.2167,66.25,59,0,14.97,PE,2022-09-27 16:45:00,clear sky
77,Tuktoyaktuk,69.4541,-133.0374,32.0,100,100,24.16,CA,2022-09-27 16:49:44,light snow
78,Rikitea,-23.1203,-134.9692,68.29,59,60,8.88,PF,2022-09-27 16:48:29,broken clouds
79,Cotonou,6.3654,2.4183,80.58,69,40,10.36,BJ,2022-09-27 16:46:31,scattered clouds
80,Lebu,-37.6167,-73.65,54.14,65,0,21.45,CL,2022-09-27 16:48:11,clear sky
81,Castro,-24.7911,-50.0119,65.61,85,100,3.91,BR,2022-09-27 16:48:15,moderate rain
82,Ushuaia,-54.8,-68.3,51.42,87,100,33.38,AR,2022-09-27 16:49:32,light rain
83,Ushuaia,-54.8,-68.3,51.42,87,100,33.38,AR,2022-09-27 16:49:32,light rain
84,Burns Lake,54.2331,-125.7533,38.62,64,39,2.04,CA,2022-09-27 16:49:46,scattered clouds
85,Rio Grande,-32.035,-52.0986,73.51,70,3,13.38,BR,2022-09-27 16:49:46,clear sky
86,Barrow,71.2906,-156.7887,26.62,100,100,5.75,US,2022-09-27 16:49:47,mist
87,Souillac,-20.5167,57.5167,71.98,68,75,11.5,MU,2022-09-27 16:49:47,broken clouds
88,Dandong,40.1292,124.3947,57.13,86,0,0.98,CN,2022-09-27 16:49:48,clear sky
89,Ponta Do Sol,32.6667,-17.1,74.03,69,32,7.54,PT,2022-09-27 16:49:48,scattered clouds
90,Balkanabat,39.5108,54.3671,79.7,25,0,13.2,TM,2022-09-27 16:49:49,clear sky
91,Khatanga,71.9667,102.5,17.89,94,83,5.3,RU,2022-09-27 16:48:15,broken clouds
92,Kapaa,22.0752,-159.319,73.72,83,40,9.8,US,2022-09-27 16:49:44,scattered clouds
93,Cabedelo,-6.9811,-34.8339,84.87,60,9,17.6,BR,2022-09-27 16:50:49,clear sky
94,Rikitea,-23.1203,-134.9692,68.29,59,60,8.88,PF,2022-09-27 16:48:29,broken clouds
95,Oxford,51.7522,-1.256,54.18,85,75,8.05,GB,2022-09-27 16:50:50,broken clouds
96,Waddan,29.1614,16.139,94.32,18,5,2.1,LY,2022-09-27 16:50:50,clear sky
97,Matay,28.419,30.7792,93.36,21,0,10.04,EG,2022-09-27 16:50:51,clear sky
98,Bredasdorp,-34.5322,20.0403,56.34,83,1,6.17,ZA,2022-09-27 16:49:40,clear sky
99,Eureka,40.8021,-124.1637,56.93,95,79,4.56,US,2022-09-27 16:49:37,broken clouds
100,Port Alfred,-33.5906,26.891,62.19,99,100,8.01,ZA,2022-09-27 16:50:52,overcast clouds
101,Mahebourg,-20.4081,57.7,72.25,68,75,11.5,MU,2022-09-27 16:50:52,broken clouds
102,Rikitea,-23.1203,-134.9692,68.29,59,60,8.88,PF,2022-09-27 16:48:29,broken clouds
103,Leshukonskoye,64.8989,45.7622,33.69,77,100,5.21,RU,2022-09-27 16:50:53,overcast clouds
104,League City,29.5075,-95.0949,86.16,35,0,14.97,US,2022-09-27 16:50:53,clear sky
105,Palasa,18.7667,84.4167,79.47,84,82,1.32,IN,2022-09-27 16:50:54,broken clouds
106,Atar,20.5169,-13.0499,101.77,21,100,3.74,MR,2022-09-27 16:50:54,overcast clouds
107,Kodiak,57.79,-152.4072,35.11,93,20,4.61,US,2022-09-27 16:50:55,few clouds
108,Sechura,-5.5569,-80.8222,75.47,55,36,9.28,PE,2022-09-27 16:50:55,scattered clouds
109,Chokurdakh,70.6333,147.9167,22.33,90,100,7.78,RU,2022-09-27 16:48:17,overcast clouds
110,Shieli,44.1667,66.75,59.79,39,25,7.29,KZ,2022-09-27 16:50:56,scattered clouds
111,Bambous Virieux,-20.3428,57.7575,72.21,68,75,11.5,MU,2022-09-27 16:50:57,broken clouds
112,Vardo,70.3705,31.1107,48.18,81,100,10.36,NO,2022-09-27 16:50:57,overcast clouds
113,Hermanus,-34.4187,19.2345,61.81,77,0,1.97,ZA,2022-09-27 16:48:07,clear sky
114,Georgetown,5.4112,100.3354,81.9,85,20,1.14,MY,2022-09-27 16:47:57,few clouds
115,Pandan,14.0453,124.1694,79.52,85,100,2.93,PH,2022-09-27 16:50:58,overcast clouds
116,Hasaki,35.7333,140.8333,66.6,68,100,18.16,JP,2022-09-27 16:50:59,overcast clouds
117,Rikitea,-23.1203,-134.9692,68.29,59,60,8.88,PF,2022-09-27 16:48:29,broken clouds
118,Manakara,-22.1333,48.0167,68.86,81,0,9.31,MG,2022-09-27 16:51:00,clear sky
119,Kailaras,26.3167,77.6167,81.82,59,0,5.39,IN,2022-09-27 16:51:00,clear sky
120,Lasa,46.6166,10.7002,58.08,73,56,3.85,IT,2022-09-27 16:51:00,broken clouds
121,Hilo,19.7297,-155.09,80.28,85,75,5.75,US,2022-09-27 16:49:35,broken clouds
122,Puerto Ayora,-0.7393,-90.3518,71.56,88,95,7.0,EC,2022-09-27 16:48:06,overcast clouds
123,Rurrenabaque,-14.4413,-67.5278,89.49,66,40,6.91,BO,2022-09-27 16:51:01,scattered clouds
124,Andijon,40.7821,72.3442,69.08,31,0,2.39,UZ,2022-09-27 16:51:02,clear sky
125,Hermanus,-34.4187,19.2345,61.81,77,0,1.97,ZA,2022-09-27 16:48:07,clear sky
126,Fortuna,40.5982,-124.1573,56.66,71,69,3.71,US,2022-09-27 16:49:41,broken clouds
127,Carutapera,-1.195,-46.02,87.19,58,39,11.25,BR,2022-09-27 16:51:03,scattered clouds
128,Tecoanapa,16.5167,-98.75,85.06,65,79,3.8,MX,2022-09-27 16:51:04,broken clouds
129,Constitucion,-35.3333,-72.4167,61.07,60,0,11.88,CL,2022-09-27 16:48:12,clear sky
130,Thompson,55.7435,-97.8558,44.76,70,75,4.61,CA,2022-09-27 16:51:04,broken clouds
131,Castro,-24.7911,-50.0119,65.61,85,100,3.91,BR,2022-09-27 16:48:15,moderate rain
132,Butaritari,3.0707,172.7902,82.51,72,17,17.6,KI,2022-09-27 16:51:05,few clouds
133,Hobart,-42.8794,147.3294,49.26,93,40,5.75,AU,2022-09-27 16:51:06,scattered clouds
134,Tiksi,71.6872,128.8694,31.96,92,100,20.58,RU,2022-09-27 16:48:19,light snow
135,Santa Maria,-29.6842,-53.8069,74.5,35,0,6.91,BR,2022-09-27 16:51:06,clear sky
136,Scarborough,54.2797,-0.4044,56.77,80,90,12.21,GB,2022-09-27 16:51:07,overcast clouds
137,Mataura,-46.1927,168.8643,49.48,99,100,2.44,NZ,2022-09-27 16:49:41,overcast clouds
138,Gogrial,8.5332,28.1004,79.65,68,98,3.51,SS,2022-09-27 16:52:08,overcast clouds
139,Torbay,47.6666,-52.7314,75.76,82,75,16.11,CA,2022-09-27 16:52:08,broken clouds
140,Hobart,-42.8794,147.3294,49.26,93,40,5.75,AU,2022-09-27 16:51:06,scattered clouds
141,East London,-33.0153,27.9116,65.34,100,100,17.27,ZA,2022-09-27 16:52:09,light rain
142,Oranjemund,-28.55,16.4333,57.79,71,77,12.28,NA,2022-09-27 16:52:10,broken clouds
143,Arraial Do Cabo,-22.9661,-42.0278,78.76,69,40,10.36,BR,2022-09-27 16:52:10,scattered clouds
144,Camacha,33.0833,-16.3333,71.02,56,40,12.66,PT,2022-09-27 16:52:11,scattered clouds
145,Saint-Philippe,-21.3585,55.7679,71.19,75,23,12.39,RE,2022-09-27 16:52:11,few clouds
146,Busselton,-33.65,115.3333,50.29,88,0,9.31,AU,2022-09-27 16:49:30,clear sky
147,Bathsheba,13.2167,-59.5167,84.06,85,40,4.61,BB,2022-09-27 16:52:13,scattered clouds
148,Kinsale,51.7075,-8.5306,60.24,94,75,21.85,IE,2022-09-27 16:52:14,broken clouds
149,Beringovskiy,63.05,179.3167,32.45,80,99,12.53,RU,2022-09-27 16:52:15,overcast clouds
150,Kapaa,22.0752,-159.319,73.72,83,40,9.8,US,2022-09-27 16:49:44,scattered clouds
151,Butaritari,3.0707,172.7902,82.51,72,17,17.6,KI,2022-09-27 16:51:05,few clouds
152,Lata,40.1629,-8.3327,70.92,61,0,10.47,PT,2022-09-27 16:52:16,clear sky
153,Springbok,-29.6643,17.8865,57.7,34,67,5.23,ZA,2022-09-27 16:52:17,broken clouds
154,Havre-Saint-Pierre,50.2334,-63.5986,61.16,82,40,11.5,CA,2022-09-27 16:52:18,scattered clouds
155,Makakilo City,21.3469,-158.0858,77.32,74,0,5.75,US,2022-09-27 16:52:18,clear sky
156,Bredasdorp,-34.5322,20.0403,56.34,83,1,6.17,ZA,2022-09-27 16:49:40,clear sky
157,Lompoc,34.6391,-120.4579,57.61,100,100,5.75,US,2022-09-27 16:52:19,mist
158,Bredasdorp,-34.5322,20.0403,56.34,83,1,6.17,ZA,2022-09-27 16:49:40,clear sky
159,Jamestown,42.097,-79.2353,55.04,86,100,12.66,US,2022-09-27 16:50:56,overcast clouds
160,Hobyo,5.3505,48.5268,77.88,86,61,18.88,SO,2022-09-27 16:52:21,broken clouds
161,Esperance,-33.8667,121.9,52.09,82,3,13.71,AU,2022-09-27 16:48:21,clear sky
162,Kathu,7.9178,98.3332,85.69,99,100,17.22,TH,2022-09-27 16:52:21,overcast clouds
163,Tarauaca,-8.1614,-70.7656,99.79,30,18,4.05,BR,2022-09-27 16:52:22,few clouds
164,Rikitea,-23.1203,-134.9692,68.29,59,60,8.88,PF,2022-09-27 16:48:29,broken clouds
165,Yeppoon,-23.1333,150.7333,67.78,84,89,3.8,AU,2022-09-27 16:52:23,light rain
166,Ulaangom,49.9811,92.0667,56.97,39,84,8.52,MN,2022-09-27 16:52:23,broken clouds
167,Esil,51.9556,66.4042,38.12,72,100,13.82,KZ,2022-09-27 16:52:24,overcast clouds
168,Punta Arenas,-53.15,-70.9167,51.91,54,75,35.68,CL,2022-09-27 16:48:10,broken clouds
169,Kodiak,57.79,-152.4072,35.11,93,20,4.61,US,2022-09-27 16:50:55,few clouds
170,Vila Franca Do Campo,37.7167,-25.4333,73.2,66,67,12.8,PT,2022-09-27 16:52:25,broken clouds
171,Atuona,-9.8,-139.0333,76.84,71,26,21.3,PF,2022-09-27 16:49:33,scattered clouds
172,Necochea,-38.5473,-58.7368,56.71,46,1,13.69,AR,2022-09-27 16:52:26,clear sky
173,Tiznit,29.5833,-9.5,74.23,50,9,7.83,MA,2022-09-27 16:52:26,clear sky
174,Avarua,-21.2078,-159.775,75.25,94,98,5.75,CK,2022-09-27 16:52:27,overcast clouds
175,Batagay-Alyta,67.8006,130.4114,20.84,93,100,3.09,RU,2022-09-27 16:52:27,overcast clouds
176,Ushuaia,-54.8,-68.3,51.42,87,100,33.38,AR,2022-09-27 16:49:32,light rain
177,Minnedosa,50.2453,-99.8436,46.96,45,54,7.49,CA,2022-09-27 16:52:28,broken clouds
178,Puri,19.8,85.85,81.12,78,90,5.44,IN,2022-09-27 16:52:28,overcast clouds
179,Andalan,5.9594,121.3903,80.28,75,100,3.91,PH,2022-09-27 16:52:30,overcast clouds
180,Arraial Do Cabo,-22.9661,-42.0278,78.76,69,40,10.36,BR,2022-09-27 16:52:10,scattered clouds
181,Foso,5.7012,-1.2866,76.59,91,82,3.58,GH,2022-09-27 16:53:30,moderate rain
182,Vada,51.97,5.6667,51.04,93,75,4.61,NL,2022-09-27 16:53:31,light rain
183,Punta Arenas,-53.15,-70.9167,51.91,54,75,35.68,CL,2022-09-27 16:48:10,broken clouds
184,Jamestown,42.097,-79.2353,55.04,86,100,12.66,US,2022-09-27 16:50:56,overcast clouds
185,Kasungu,-13.0333,33.4833,74.08,49,23,10.47,MW,2022-09-27 16:53:32,few clouds
186,Kendari,-3.945,122.4989,75.54,86,85,1.03,ID,2022-09-27 16:53:32,overcast clouds
187,Kirakira,-10.4544,161.9205,80.19,74,77,8.03,SB,2022-09-27 16:53:33,broken clouds
188,Busselton,-33.65,115.3333,50.29,88,0,9.31,AU,2022-09-27 16:49:30,clear sky
189,Tokur,53.1333,132.9,32.16,99,100,2.82,RU,2022-09-27 16:53:33,light snow
190,Marawi,7.9986,124.2928,68.81,94,100,4.32,PH,2022-09-27 16:53:34,overcast clouds
191,Griffith,41.5284,-87.4237,58.46,55,75,17.27,US,2022-09-27 16:53:34,broken clouds
192,Ushuaia,-54.8,-68.3,51.42,87,100,33.38,AR,2022-09-27 16:49:32,light rain
193,Thompson,55.7435,-97.8558,44.76,70,75,4.61,CA,2022-09-27 16:51:04,broken clouds
194,Busselton,-33.65,115.3333,50.29,88,0,9.31,AU,2022-09-27 16:49:30,clear sky
195,Ushuaia,-54.8,-68.3,51.42,87,100,33.38,AR,2022-09-27 16:49:32,light rain
196,Lagoa,39.05,-27.9833,69.4,67,15,18.12,PT,2022-09-27 16:53:36,few clouds
197,Camocim,-2.9022,-40.8411,88.79,55,1,17.83,BR,2022-09-27 16:52:10,clear sky
198,Puerto Ayora,-0.7393,-90.3518,71.56,88,95,7.0,EC,2022-09-27 16:48:06,overcast clouds
199,Vygonichi,53.0985,34.0673,48.31,100,100,6.71,RU,2022-09-27 16:53:37,light intensity drizzle
200,Mataura,-46.1927,168.8643,49.48,99,100,2.44,NZ,2022-09-27 16:49:41,overcast clouds
201,Puerto Baquerizo Moreno,-0.9,-89.6,68.99,83,40,12.66,EC,2022-09-27 16:53:38,scattered clouds
202,Mar Del Plata,-38.0023,-57.5575,59.95,50,0,21.85,AR,2022-09-27 16:50:20,clear sky
203,Khorramshahr,30.4397,48.1664,89.56,13,0,9.22,IR,2022-09-27 16:53:39,clear sky
204,Arraial Do Cabo,-22.9661,-42.0278,78.76,69,40,10.36,BR,2022-09-27 16:52:10,scattered clouds
205,Puerto Ayora,-0.7393,-90.3518,71.56,88,95,7.0,EC,2022-09-27 16:48:06,overcast clouds
206,East London,-33.0153,27.9116,65.34,100,100,17.27,ZA,2022-09-27 16:52:09,light rain
207,Punta Arenas,-53.15,-70.9167,51.91,54,75,35.68,CL,2022-09-27 16:48:10,broken clouds
208,Butaritari,3.0707,172.7902,82.51,72,17,17.6,KI,2022-09-27 16:51:05,few clouds
209,Faanui,-16.4833,-151.75,77.43,77,25,14.18,PF,2022-09-27 16:49:36,light rain
210,Mataura,-46.1927,168.8643,49.48,99,100,2.44,NZ,2022-09-27 16:49:41,overcast clouds
211,Port Alfred,-33.5906,26.891,62.19,99,100,8.01,ZA,2022-09-27 16:50:52,overcast clouds
212,Richards Bay,-28.783,32.0377,72.1,91,50,4.56,ZA,2022-09-27 16:53:41,scattered clouds
213,Cap-Aux-Meules,47.3821,-61.8597,62.65,94,100,18.41,CA,2022-09-27 16:53:41,light intensity shower rain
214,Qaanaaq,77.484,-69.3632,33.13,99,100,4.38,GL,2022-09-27 16:48:23,light snow
215,Viedma,-40.8135,-62.9967,64.47,23,0,6.11,AR,2022-09-27 16:53:42,clear sky
216,Halifax,44.6453,-63.5724,64.45,98,100,6.91,CA,2022-09-27 16:50:02,shower rain
217,Georgetown,5.4112,100.3354,81.9,85,20,1.14,MY,2022-09-27 16:47:57,few clouds
218,Albany,42.6001,-73.9662,64.24,70,67,6.91,US,2022-09-27 16:43:51,broken clouds
219,Talnakh,69.4865,88.3972,22.05,84,95,3.56,RU,2022-09-27 16:49:31,overcast clouds
220,Qasigiannguit,68.8193,-51.1922,39.96,94,100,6.64,GL,2022-09-27 16:53:43,overcast clouds
221,Chuy,-33.6971,-53.4616,66.99,58,56,15.21,UY,2022-09-27 16:48:05,broken clouds
222,Hithadhoo,-0.6,73.0833,79.43,79,100,13.24,MV,2022-09-27 16:53:44,overcast clouds
223,Narsaq,60.9167,-46.05,43.54,92,100,2.68,GL,2022-09-27 16:53:44,overcast clouds
224,New Norfolk,-42.7826,147.0587,48.92,83,93,1.3,AU,2022-09-27 16:53:45,overcast clouds
225,Hobart,-42.8794,147.3294,49.26,93,40,5.75,AU,2022-09-27 16:51:06,scattered clouds
226,Barrow,71.2906,-156.7887,26.62,100,100,5.75,US,2022-09-27 16:49:47,mist
227,Mataya,7.4711,124.3719,72.23,96,100,1.68,PH,2022-09-27 16:53:46,overcast clouds
228,Dikson,73.5069,80.5464,30.49,70,100,6.22,RU,2022-09-27 16:54:46,overcast clouds
229,Barrow,71.2906,-156.7887,26.62,100,100,5.75,US,2022-09-27 16:49:47,mist
230,Socastee,33.6835,-78.9984,77.09,51,0,9.22,US,2022-09-27 16:54:47,clear sky
231,Puerto Ayora,-0.7393,-90.3518,71.56,88,95,7.0,EC,2022-09-27 16:48:06,overcast clouds
232,Hithadhoo,-0.6,73.0833,79.43,79,100,13.24,MV,2022-09-27 16:53:44,overcast clouds
233,Mataura,-46.1927,168.8643,49.48,99,100,2.44,NZ,2022-09-27 16:49:41,overcast clouds
234,Hamilton,39.1834,-84.5333,64.65,50,75,18.41,US,2022-09-27 16:49:58,broken clouds
235,Thompson,55.7435,-97.8558,44.76,70,75,4.61,CA,2022-09-27 16:51:04,broken clouds
236,Bintulu,3.1667,113.0333,77.41,94,20,2.3,MY,2022-09-27 16:54:48,few clouds
237,Ushuaia,-54.8,-68.3,51.42,87,100,33.38,AR,2022-09-27 16:49:32,light rain
238,Awjilah,29.1081,21.2869,90.68,24,0,4.14,LY,2022-09-27 16:54:49,clear sky
239,Port Elizabeth,-33.918,25.5701,66.09,97,100,17.27,ZA,2022-09-27 16:54:49,moderate rain
240,Ushuaia,-54.8,-68.3,51.42,87,100,33.38,AR,2022-09-27 16:49:32,light rain
241,Gabu,12.2833,-14.2167,84.09,79,71,2.93,GW,2022-09-27 16:54:50,light rain
242,Severo-Kurilsk,50.6789,156.125,48.81,83,28,18.41,RU,2022-09-27 16:54:50,scattered clouds
243,Albany,42.6001,-73.9662,64.24,70,67,6.91,US,2022-09-27 16:43:51,broken clouds
244,Rikitea,-23.1203,-134.9692,68.29,59,60,8.88,PF,2022-09-27 16:48:29,broken clouds
245,Salalah,17.0151,54.0924,78.91,82,2,2.71,OM,2022-09-27 16:54:51,clear sky
246,High Prairie,55.4334,-116.4858,65.82,54,71,4.65,CA,2022-09-27 16:52:16,broken clouds
247,Bhum,18.4667,75.6667,76.51,75,100,7.78,IN,2022-09-27 16:54:52,overcast clouds
248,Jamestown,42.097,-79.2353,55.04,86,100,12.66,US,2022-09-27 16:50:56,overcast clouds
249,Tuktoyaktuk,69.4541,-133.0374,32.0,100,100,24.16,CA,2022-09-27 16:49:44,light snow
250,Betanzos,43.2804,-8.2147,67.12,72,75,4.61,ES,2022-09-27 16:54:53,broken clouds
251,Punta Arenas,-53.15,-70.9167,51.91,54,75,35.68,CL,2022-09-27 16:48:10,broken clouds
252,Punta Arenas,-53.15,-70.9167,51.91,54,75,35.68,CL,2022-09-27 16:48:10,broken clouds
253,Tczew,54.0924,18.7779,58.44,100,100,5.06,PL,2022-09-27 16:54:55,overcast clouds
254,Mataura,-46.1927,168.8643,49.48,99,100,2.44,NZ,2022-09-27 16:49:41,overcast clouds
255,Sitka,57.0531,-135.33,53.02,87,100,2.98,US,2022-09-27 16:49:40,overcast clouds
256,Dikson,73.5069,80.5464,30.49,70,100,6.22,RU,2022-09-27 16:54:46,overcast clouds
257,Cherskiy,68.75,161.3,23.74,81,7,4.83,RU,2022-09-27 16:54:56,clear sky
258,Caucaia,-3.7361,-38.6531,85.95,71,0,17.27,BR,2022-09-27 16:54:57,clear sky
259,Yellowknife,62.456,-114.3525,55.92,76,40,12.66,CA,2022-09-27 16:45:32,scattered clouds
260,Tateyama,34.9833,139.8667,72.1,74,100,17.54,JP,2022-09-27 16:54:57,overcast clouds
261,Mawlamyine,16.4914,97.6256,77.05,91,100,4.72,MM,2022-09-27 16:54:58,overcast clouds
262,Rikitea,-23.1203,-134.9692,68.29,59,60,8.88,PF,2022-09-27 16:48:29,broken clouds
263,Bambous Virieux,-20.3428,57.7575,72.21,68,75,11.5,MU,2022-09-27 16:50:57,broken clouds
264,Cape Town,-33.9258,18.4232,64.09,48,20,13.8,ZA,2022-09-27 16:53:33,few clouds
265,Albany,42.6001,-73.9662,64.24,70,67,6.91,US,2022-09-27 16:43:51,broken clouds
266,Port Elizabeth,-33.918,25.5701,66.09,97,100,17.27,ZA,2022-09-27 16:54:49,moderate rain
267,Guerrero Negro,27.9769,-114.0611,79.95,63,1,2.82,MX,2022-09-27 16:54:38,clear sky
268,Hasaki,35.7333,140.8333,66.6,68,100,18.16,JP,2022-09-27 16:50:59,overcast clouds
269,Saint George,37.1041,-113.5841,80.8,31,40,0.0,US,2022-09-27 16:50:07,scattered clouds
270,Ushuaia,-54.8,-68.3,51.42,87,100,33.38,AR,2022-09-27 16:49:32,light rain
271,Petropavlovsk-Kamchatskiy,53.0452,158.6483,43.39,100,75,4.47,RU,2022-09-27 16:55:01,broken clouds
272,Kikwit,-5.041,18.8162,79.52,69,71,2.15,CD,2022-09-27 16:55:02,broken clouds
273,Bathsheba,13.2167,-59.5167,84.06,85,40,4.61,BB,2022-09-27 16:52:13,scattered clouds
274,Mataura,-46.1927,168.8643,49.48,99,100,2.44,NZ,2022-09-27 16:49:41,overcast clouds
275,Yashkul,46.1711,45.3435,68.5,60,100,16.17,RU,2022-09-27 16:55:03,overcast clouds
276,Butaritari,3.0707,172.7902,82.51,72,17,17.6,KI,2022-09-27 16:56:03,few clouds
277,Pingyin,36.2831,116.4453,65.26,61,100,6.04,CN,2022-09-27 16:56:03,overcast clouds
278,Hobart,-42.8794,147.3294,49.26,93,40,5.75,AU,2022-09-27 16:55:49,scattered clouds
279,Huarmey,-10.0681,-78.1522,68.04,68,74,12.93,PE,2022-09-27 16:56:04,broken clouds
280,Jamestown,42.097,-79.2353,55.04,86,100,12.66,US,2022-09-27 16:51:58,overcast clouds
281,Shimoda,34.6667,138.95,69.1,78,91,15.41,JP,2022-09-27 16:56:05,overcast clouds
282,Albany,42.6001,-73.9662,65.05,71,67,1.01,US,2022-09-27 16:56:05,broken clouds
283,Ushuaia,-54.8,-68.3,51.42,87,100,33.38,AR,2022-09-27 16:56:06,light rain
284,Mataura,-46.1927,168.8643,49.48,99,100,2.44,NZ,2022-09-27 16:56:07,overcast clouds
285,Ostrovnoy,68.0531,39.5131,39.96,83,100,10.58,RU,2022-09-27 16:56:07,overcast clouds
286,Busselton,-33.65,115.3333,50.29,88,0,9.31,AU,2022-09-27 16:56:08,clear sky
287,Balkanabat,39.5108,54.3671,79.7,25,0,13.2,TM,2022-09-27 16:56:08,clear sky
288,Vikhorevka,56.1201,101.1636,33.39,89,100,5.26,RU,2022-09-27 16:56:08,overcast clouds
289,Avarua,-21.2078,-159.775,75.25,94,98,5.75,CK,2022-09-27 16:56:09,overcast clouds
290,Hasaki,35.7333,140.8333,66.6,68,100,18.16,JP,2022-09-27 16:55:58,moderate rain
291,Saint-Philippe,-21.3585,55.7679,71.19,75,23,12.39,RE,2022-09-27 16:56:10,few clouds
292,Yellowknife,62.456,-114.3525,55.92,76,40,12.66,CA,2022-09-27 16:52:03,scattered clouds
293,Rikitea,-23.1203,-134.9692,68.29,59,60,8.88,PF,2022-09-27 16:56:11,broken clouds
294,Avera,33.194,-82.5271,77.56,28,5,4.76,US,2022-09-27 16:56:11,clear sky
295,East London,-33.0153,27.9116,65.34,100,100,17.27,ZA,2022-09-27 16:56:12,light rain
296,Amuntai,-2.4177,115.2494,73.53,91,26,1.43,ID,2022-09-27 16:56:12,scattered clouds
297,Swift Current,50.2834,-107.8014,63.41,48,0,16.11,CA,2022-09-27 16:54:32,clear sky
298,Cabo San Lucas,22.8909,-109.9124,91.62,68,0,1.95,MX,2022-09-27 16:55:49,clear sky
299,Atuona,-9.8,-139.0333,76.84,71,26,21.3,PF,2022-09-27 16:56:13,scattered clouds
300,Bethel,41.3712,-73.414,70.02,61,66,5.99,US,2022-09-27 16:56:14,broken clouds
301,Mataura,-46.1927,168.8643,49.48,99,100,2.44,NZ,2022-09-27 16:56:07,overcast clouds
302,Cap Malheureux,-19.9842,57.6142,72.46,64,9,8.99,MU,2022-09-27 16:56:15,clear sky
303,Bredasdorp,-34.5322,20.0403,56.34,83,1,6.17,ZA,2022-09-27 16:56:15,clear sky
304,Vaini,-21.2,-175.2,66.36,94,20,3.44,TO,2022-09-27 16:56:16,few clouds
305,Rikitea,-23.1203,-134.9692,68.29,59,60,8.88,PF,2022-09-27 16:56:11,broken clouds
306,Fare,-16.7,-151.0167,77.61,77,6,15.41,PF,2022-09-27 16:56:17,light rain
307,Komsomolskiy,40.4272,71.7189,68.72,45,0,4.61,UZ,2022-09-27 16:56:17,clear sky
308,Georgetown,5.4112,100.3354,81.9,85,20,1.14,MY,2022-09-27 16:51:27,few clouds
309,Aldan,58.6031,125.3894,25.83,86,100,3.85,RU,2022-09-27 16:56:18,overcast clouds
310,Grand Island,40.925,-98.342,74.23,43,4,7.99,US,2022-09-27 16:55:15,clear sky
311,Ushuaia,-54.8,-68.3,51.42,87,100,33.38,AR,2022-09-27 16:56:06,light rain
312,Tabora,-5.0167,32.8,83.7,20,96,9.69,TZ,2022-09-27 16:56:19,overcast clouds
313,Arraial Do Cabo,-22.9661,-42.0278,78.76,69,40,10.36,BR,2022-09-27 16:56:19,scattered clouds
314,Russell,32.3502,-85.1999,78.08,17,0,10.45,US,2022-09-27 16:56:20,clear sky
315,Paso De Patria,-27.2454,-58.5454,83.07,30,14,12.71,AR,2022-09-27 16:56:20,few clouds
316,Darhan,49.4867,105.9228,44.11,67,85,5.08,MN,2022-09-27 16:56:21,overcast clouds
317,Khatanga,71.9667,102.5,17.89,94,83,5.3,RU,2022-09-27 16:56:21,broken clouds
318,Hobart,-42.8794,147.3294,49.26,93,40,5.75,AU,2022-09-27 16:55:49,scattered clouds
319,Pauini,-7.7136,-66.9764,100.58,28,42,3.4,BR,2022-09-27 16:56:22,scattered clouds
320,Hobart,-42.8794,147.3294,49.26,93,40,5.75,AU,2022-09-27 16:55:49,scattered clouds
321,Kavieng,-2.5744,150.7967,81.7,72,50,13.56,PG,2022-09-27 16:56:22,scattered clouds
322,Eyl,7.9803,49.8164,79.0,78,70,21.61,SO,2022-09-27 16:56:23,broken clouds
323,Chuy,-33.6971,-53.4616,66.99,58,56,15.21,UY,2022-09-27 16:57:23,broken clouds
324,Zhigansk,66.7697,123.3711,30.47,85,100,7.02,RU,2022-09-27 16:57:24,overcast clouds
325,Sehithwa,-20.4667,22.7167,88.45,11,10,11.54,BW,2022-09-27 16:57:24,clear sky
326,Saskylakh,71.9167,114.0833,23.2,95,64,6.98,RU,2022-09-27 16:57:25,broken clouds
327,Kodiak,57.79,-152.4072,35.11,93,20,4.61,US,2022-09-27 16:52:43,few clouds
328,Mataura,-46.1927,168.8643,49.48,99,100,2.44,NZ,2022-09-27 16:56:07,overcast clouds
329,Upernavik,72.7868,-56.1549,34.83,93,100,5.86,GL,2022-09-27 16:57:26,light snow
330,Santa Isabel Do Rio Negro,-0.4139,-65.0192,99.07,33,24,3.15,BR,2022-09-27 16:57:26,few clouds
331,Kathu,7.9178,98.3332,85.69,99,100,17.22,TH,2022-09-27 16:57:26,overcast clouds
332,Tasiilaq,65.6145,-37.6368,35.82,96,99,1.41,GL,2022-09-27 16:57:27,overcast clouds
333,Mogadishu,2.0371,45.3438,78.13,83,79,13.27,SO,2022-09-27 16:57:27,light rain
334,Hermanus,-34.4187,19.2345,61.81,77,0,1.97,ZA,2022-09-27 16:57:28,clear sky
335,Rikitea,-23.1203,-134.9692,68.29,59,60,8.88,PF,2022-09-27 16:56:11,broken clouds
336,Bredasdorp,-34.5322,20.0403,56.34,83,1,6.17,ZA,2022-09-27 16:56:15,clear sky
337,Tasiilaq,65.6145,-37.6368,35.82,96,99,1.41,GL,2022-09-27 16:57:27,overcast clouds
338,Mahebourg,-20.4081,57.7,72.25,68,75,11.5,MU,2022-09-27 16:57:29,broken clouds
339,Dingle,10.9995,122.6711,75.43,93,98,4.54,PH,2022-09-27 16:57:29,moderate rain
340,Petropavlovsk-Kamchatskiy,53.0452,158.6483,43.39,100,75,4.47,RU,2022-09-27 16:57:30,broken clouds
341,Cabedelo,-6.9811,-34.8339,84.87,60,9,17.6,BR,2022-09-27 16:57:30,clear sky
342,Thessalon,46.2501,-83.5666,53.89,81,100,14.65,CA,2022-09-27 16:57:31,overcast clouds
343,Kaitangata,-46.2817,169.8464,47.77,95,95,3.38,NZ,2022-09-27 16:57:31,overcast clouds
344,Kayes,14.0,-11.0,89.02,56,42,4.12,ML,2022-09-27 16:57:32,scattered clouds
345,Yellowknife,62.456,-114.3525,55.92,76,40,12.66,CA,2022-09-27 16:52:03,scattered clouds
346,Harbour Breton,47.4833,-55.7983,61.0,99,100,7.05,CA,2022-09-27 16:57:32,overcast clouds
347,Mehamn,71.0357,27.8492,46.35,87,75,8.05,NO,2022-09-27 16:57:33,broken clouds
348,Souillac,-20.5167,57.5167,71.98,68,75,11.5,MU,2022-09-27 16:57:33,broken clouds
349,Yulara,-25.2406,130.9889,57.18,76,41,9.4,AU,2022-09-27 16:57:34,scattered clouds
350,Lagoa,39.05,-27.9833,69.4,67,15,18.12,PT,2022-09-27 16:57:34,few clouds
351,Luderitz,-26.6481,15.1594,60.06,62,0,14.67,NA,2022-09-27 16:57:35,clear sky
352,Antalaha,-14.9003,50.2788,66.97,84,2,8.39,MG,2022-09-27 16:57:36,clear sky
353,Mehamn,71.0357,27.8492,46.35,87,75,8.05,NO,2022-09-27 16:57:33,broken clouds
354,Mildura,-34.2,142.15,51.08,86,80,19.66,AU,2022-09-27 16:57:36,broken clouds
355,Ushuaia,-54.8,-68.3,51.42,87,100,33.38,AR,2022-09-27 16:56:06,light rain
356,Ushuaia,-54.8,-68.3,51.42,87,100,33.38,AR,2022-09-27 16:56:06,light rain
357,Ribeira Grande,38.5167,-28.7,73.8,60,20,16.11,PT,2022-09-27 16:57:31,few clouds
358,Punta Arenas,-53.15,-70.9167,51.91,54,75,35.68,CL,2022-09-27 16:57:37,broken clouds
359,Freeport,40.6576,-73.5832,72.01,51,54,8.01,US,2022-09-27 16:54:42,broken clouds
360,Mantua,45.1667,10.7833,72.64,64,41,3.42,IT,2022-09-27 16:57:38,scattered clouds
361,Butaritari,3.0707,172.7902,82.51,72,17,17.6,KI,2022-09-27 16:56:03,few clouds
362,Kruisfontein,-34.0033,24.7314,63.88,94,100,16.4,ZA,2022-09-27 16:57:39,overcast clouds
363,Uitenhage,-33.7576,25.3971,65.41,94,100,12.12,ZA,2022-09-27 16:57:39,overcast clouds
364,Bluff,-46.6,168.3333,49.8,93,100,4.9,NZ,2022-09-27 16:57:39,overcast clouds
365,Sao Felix Do Xingu,-6.6447,-51.995,93.88,34,66,3.44,BR,2022-09-27 16:57:40,broken clouds
366,Carnarvon,-24.8667,113.6333,67.42,68,5,14.63,AU,2022-09-27 16:57:40,clear sky
367,Beatrice,40.2681,-96.747,73.49,33,0,5.75,US,2022-09-27 16:57:41,clear sky
368,Nikolskoye,59.7035,30.7861,51.69,86,71,4.7,RU,2022-09-27 16:57:42,broken clouds
369,Yenagoa,4.9247,6.2642,73.92,95,100,5.46,NG,2022-09-27 16:57:42,overcast clouds
370,Kapaa,22.0752,-159.319,73.72,87,40,9.8,US,2022-09-27 16:58:43,scattered clouds
371,Kudahuvadhoo,2.6708,72.8944,82.92,73,98,16.33,MV,2022-09-27 16:58:43,overcast clouds
372,Souillac,-20.5167,57.5167,71.98,68,75,11.5,MU,2022-09-27 16:57:33,broken clouds
373,Albany,42.6001,-73.9662,65.05,71,67,1.01,US,2022-09-27 16:56:05,broken clouds
374,Vaini,-21.2,-175.2,66.36,94,20,3.44,TO,2022-09-27 16:56:16,few clouds
375,New Norfolk,-42.7826,147.0587,48.92,83,93,1.3,AU,2022-09-27 16:58:44,overcast clouds
376,Xinmin,41.9908,122.8253,61.97,81,0,15.37,CN,2022-09-27 16:58:44,clear sky
377,Lagoa,39.05,-27.9833,69.4,67,15,18.12,PT,2022-09-27 16:57:34,few clouds
378,Boyolangu,-8.1181,111.8935,73.38,86,65,3.11,ID,2022-09-27 16:58:45,broken clouds
379,Punta Arenas,-53.15,-70.9167,51.91,54,75,35.68,CL,2022-09-27 16:57:37,broken clouds
380,Hobart,-42.8794,147.3294,49.26,93,40,5.75,AU,2022-09-27 16:55:49,scattered clouds
381,Vaini,-21.2,-175.2,66.36,94,20,3.44,TO,2022-09-27 16:56:16,few clouds
382,Albany,42.6001,-73.9662,65.05,71,67,1.01,US,2022-09-27 16:56:05,broken clouds
383,Chokurdakh,70.6333,147.9167,22.33,90,100,7.78,RU,2022-09-27 16:58:46,overcast clouds
384,Rikitea,-23.1203,-134.9692,68.29,59,60,8.88,PF,2022-09-27 16:56:11,broken clouds
385,Saskylakh,71.9167,114.0833,23.2,95,64,6.98,RU,2022-09-27 16:57:25,broken clouds
386,Fare,-16.7,-151.0167,77.61,77,6,15.41,PF,2022-09-27 16:56:17,light rain
387,Orlik,52.5178,99.825,37.94,94,51,1.59,RU,2022-09-27 16:58:47,broken clouds
388,Ridgecrest,35.6225,-117.6709,87.39,16,4,1.01,US,2022-09-27 16:58:48,clear sky
389,Kodiak,57.79,-152.4072,35.11,93,20,4.61,US,2022-09-27 16:52:43,few clouds
390,Hamilton,39.1834,-84.5333,64.49,49,3,8.01,US,2022-09-27 16:58:48,clear sky
391,Atuona,-9.8,-139.0333,76.84,71,26,21.3,PF,2022-09-27 16:56:13,scattered clouds
392,Elk Plain,47.0532,-122.3976,64.78,81,0,0.0,US,2022-09-27 16:58:49,clear sky
393,Butaritari,3.0707,172.7902,82.51,72,17,17.6,KI,2022-09-27 16:56:03,few clouds
394,Hilo,19.7297,-155.09,80.28,87,48,4.0,US,2022-09-27 16:56:09,scattered clouds
395,Vaini,-21.2,-175.2,66.36,94,20,3.44,TO,2022-09-27 16:56:16,few clouds
396,Cherskiy,68.75,161.3,23.74,81,7,4.83,RU,2022-09-27 16:58:50,clear sky
397,Rikitea,-23.1203,-134.9692,68.29,59,60,8.88,PF,2022-09-27 16:56:11,broken clouds
398,New Norfolk,-42.7826,147.0587,48.92,83,93,1.3,AU,2022-09-27 16:58:44,overcast clouds
399,Kapaa,22.0752,-159.319,73.72,87,40,9.8,US,2022-09-27 16:58:43,scattered clouds
400,Hobart,-42.8794,147.3294,49.26,93,40,5.75,AU,2022-09-27 16:55:49,scattered clouds
401,Torbay,47.6666,-52.7314,75.76,82,75,16.11,CA,2022-09-27 16:58:52,broken clouds
402,Punta Arenas,-53.15,-70.9167,51.91,54,75,35.68,CL,2022-09-27 16:57:37,broken clouds
403,Barrow,71.2906,-156.7887,26.62,100,100,5.75,US,2022-09-27 16:58:53,mist
404,Provideniya,64.3833,-173.3,36.55,90,100,9.53,RU,2022-09-27 16:58:54,overcast clouds
405,Kamskiye Polyany,55.4307,51.4171,40.01,69,92,9.82,RU,2022-09-27 16:58:54,overcast clouds
406,Santa Maria,-29.6842,-53.8069,74.5,35,0,6.91,BR,2022-09-27 16:58:55,clear sky
407,Caravelas,-17.7125,-39.2481,82.22,60,29,10.04,BR,2022-09-27 16:58:55,scattered clouds
408,Camacha,33.0833,-16.3333,71.02,56,40,12.66,PT,2022-09-27 16:58:56,scattered clouds
409,Atuona,-9.8,-139.0333,76.84,71,26,21.3,PF,2022-09-27 16:56:13,scattered clouds
410,New Norfolk,-42.7826,147.0587,48.92,83,93,1.3,AU,2022-09-27 16:58:44,overcast clouds
411,Hobart,-42.8794,147.3294,49.26,93,40,5.75,AU,2022-09-27 16:55:49,scattered clouds
412,Tabou,4.423,-7.3528,77.61,86,89,8.16,CI,2022-09-27 16:58:57,light rain
413,East London,-33.0153,27.9116,65.34,100,100,17.27,ZA,2022-09-27 16:56:12,light rain
414,Radviliskis,55.8167,23.5333,51.85,76,20,9.22,LT,2022-09-27 16:58:59,few clouds
415,Ushuaia,-54.8,-68.3,51.42,87,100,33.38,AR,2022-09-27 16:56:06,light rain
416,Koulamoutou,-1.1303,12.4736,72.52,97,97,2.39,GA,2022-09-27 16:59:59,light rain
417,Saint-Augustin,51.226,-58.6502,62.22,78,97,15.82,CA,2022-09-27 17:00:00,overcast clouds
418,Atuona,-9.8,-139.0333,76.84,71,26,21.3,PF,2022-09-27 16:56:13,scattered clouds
419,Vila Franca Do Campo,37.7167,-25.4333,73.2,66,67,12.8,PT,2022-09-27 17:00:00,broken clouds
420,Phangnga,8.4509,98.5298,80.64,95,100,4.99,TH,2022-09-27 17:00:01,light rain
421,Rousinov,49.2013,16.8822,55.9,78,20,8.05,CZ,2022-09-27 17:00:02,few clouds
422,Barrow,71.2906,-156.7887,26.62,100,100,5.75,US,2022-09-27 16:58:53,mist
423,Mataura,-46.1927,168.8643,49.48,99,100,2.44,NZ,2022-09-27 16:56:07,overcast clouds
424,Adrar,20.5022,-10.0711,102.54,14,37,3.87,MR,2022-09-27 17:00:03,scattered clouds
425,Avarua,-21.2078,-159.775,75.25,94,98,5.75,CK,2022-09-27 16:56:09,overcast clouds
426,Nanortalik,60.1432,-45.2371,47.52,82,76,7.45,GL,2022-09-27 17:00:04,broken clouds
427,Lagoa,39.05,-27.9833,69.4,67,15,18.12,PT,2022-09-27 16:57:34,few clouds
428,Punta Arenas,-53.15,-70.9167,51.91,54,75,35.68,CL,2022-09-27 16:57:37,broken clouds
429,Barrow,71.2906,-156.7887,26.62,100,100,5.75,US,2022-09-27 16:58:53,mist
430,Kavaratti,10.5669,72.642,81.79,75,39,17.18,IN,2022-09-27 17:00:05,scattered clouds
431,Hokitika,-42.7167,170.9667,51.82,88,100,4.56,NZ,2022-09-27 17:00:05,light rain
432,Albany,42.6001,-73.9662,65.05,71,67,1.01,US,2022-09-27 16:56:05,broken clouds
433,Mataura,-46.1927,168.8643,49.48,99,100,2.44,NZ,2022-09-27 16:56:07,overcast clouds
434,Taoudenni,22.6783,-3.9836,109.49,11,23,6.06,ML,2022-09-27 17:00:07,few clouds
435,Jamestown,42.097,-79.2353,55.04,86,100,12.66,US,2022-09-27 16:51:58,overcast clouds
436,Quatre Cocos,-20.2078,57.7625,72.09,68,37,15.9,MU,2022-09-27 17:00:07,scattered clouds
437,Aklavik,68.2191,-135.0107,31.06,98,100,14.97,CA,2022-09-27 17:00:08,snow
438,Quatre Cocos,-20.2078,57.7625,72.09,68,37,15.9,MU,2022-09-27 17:00:07,scattered clouds
439,Adrar,20.5022,-10.0711,102.54,14,37,3.87,MR,2022-09-27 17:00:03,scattered clouds
440,Atuona,-9.8,-139.0333,76.84,71,26,21.3,PF,2022-09-27 16:56:13,scattered clouds
441,Qingyuan,23.7,113.0333,84.18,71,64,1.45,CN,2022-09-27 17:00:09,broken clouds
442,Georgetown,5.4112,100.3354,81.9,85,20,1.14,MY,2022-09-27 16:51:27,few clouds
443,Palafrugell,41.9174,3.1631,70.63,43,93,4.0,ES,2022-09-27 17:00:11,overcast clouds
444,Thompson,55.7435,-97.8558,50.32,37,28,7.92,CA,2022-09-27 17:00:11,scattered clouds
445,Kruisfontein,-34.0033,24.7314,63.88,94,100,16.4,ZA,2022-09-27 16:57:39,overcast clouds
446,Eganville,45.5334,-77.0994,57.51,90,99,4.97,CA,2022-09-27 17:00:12,light rain
447,Aguilas,37.4063,-1.5829,76.98,48,0,10.87,ES,2022-09-27 17:00:13,clear sky
448,Upernavik,72.7868,-56.1549,34.83,93,100,5.86,GL,2022-09-27 16:57:26,light snow
449,Vardo,70.3705,31.1107,48.18,81,100,10.36,NO,2022-09-27 17:00:14,overcast clouds
450,La Romana,18.4273,-68.9728,86.7,63,15,7.56,DO,2022-09-27 17:00:14,few clouds
451,Port-Gentil,-0.7193,8.7815,76.96,88,75,10.36,GA,2022-09-27 17:00:15,light rain
452,Punta Arenas,-53.15,-70.9167,51.91,54,75,35.68,CL,2022-09-27 16:57:37,broken clouds
453,Upata,8.0086,-62.3989,82.0,79,45,4.76,VE,2022-09-27 17:00:16,scattered clouds
454,Qaanaaq,77.484,-69.3632,33.13,99,100,4.38,GL,2022-09-27 17:00:16,light snow
455,Hervey Bay,-25.2986,152.8535,70.02,80,67,8.01,AU,2022-09-27 17:00:16,broken clouds
456,Nome,64.5011,-165.4064,41.02,87,95,6.82,US,2022-09-27 17:00:17,light rain
457,Rikitea,-23.1203,-134.9692,68.29,59,60,8.88,PF,2022-09-27 16:56:11,broken clouds
458,Hobart,-42.8794,147.3294,49.26,93,40,5.75,AU,2022-09-27 16:55:49,scattered clouds
459,Krasnoselkup,65.7,82.4667,25.74,63,4,7.94,RU,2022-09-27 17:00:18,clear sky
460,Havelock,34.8791,-76.9013,75.97,56,100,4.0,US,2022-09-27 17:00:19,overcast clouds
461,Qaanaaq,77.484,-69.3632,33.13,99,100,4.38,GL,2022-09-27 17:00:16,light snow
462,Khatanga,71.9667,102.5,17.89,94,83,5.3,RU,2022-09-27 16:56:21,broken clouds
